﻿<?xml version="1.0" encoding="UTF-8"?>
<beans xmlns="http://www.springframework.org/schema/beans"
	xmlns:xsi="http://www.w3.org/2001/XMLSchema-instance" xmlns:context="http://www.springframework.org/schema/context"
	xmlns:jdbc="http://www.springframework.org/schema/jdbc" xmlns:jee="http://www.springframework.org/schema/jee"
	xmlns:tx="http://www.springframework.org/schema/tx" xmlns:jpa="http://www.springframework.org/schema/data/jpa"
	xsi:schemaLocation="
		http://www.springframework.org/schema/beans http://www.springframework.org/schema/beans/spring-beans-3.2.xsd
		http://www.springframework.org/schema/context http://www.springframework.org/schema/context/spring-context-3.2.xsd
		http://www.springframework.org/schema/jdbc http://www.springframework.org/schema/jdbc/spring-jdbc-3.2.xsd
		http://www.springframework.org/schema/jee http://www.springframework.org/schema/jee/spring-jee-3.2.xsd
		http://www.springframework.org/schema/tx http://www.springframework.org/schema/tx/spring-tx-3.2.xsd
		http://www.springframework.org/schema/data/jpa http://www.springframework.org/schema/data/jpa/spring-jpa-1.3.xsd">


<!--aop -->

<!--一、基于代理的AOP -->
  
  <bean id="lina" class="org.great.aop.ChenLliNa"/> 
  
  <!--  定义增强-->
  <bean id ="sleepHelper" class="org.great.aop.SleepHelper"/> 
  
  <!-- 定义切点  匹配所有的sleep方法-->
  <bean id ="sleepPointcut" class="org.springframework.aop.support.JdkRegexpMethodPointcut"> 
      <property name="pattern" value=".*sleep"></property> 
  </bean> 
    
  <!-- 切面  通知+切点结合 -->
  <bean id="sleepHelperAdvisor" class="org.springframework.aop.support.DefaultPointcutAdvisor"> 
     <property name="advice" ref="sleepHelper"/> 
     <property name="pointcut" ref="sleepPointcut"/> 
  </bean> 
    
  <!-- 定义代理对象 -->
  <bean id="linaProxy" class="org.springframework.aop.framework.ProxyFactoryBean"> 
      <property name="target" ref="lina"/> 
      <property name="interceptorNames" value="sleepHelperAdvisor"/> 
      <!-- <property name="proxyInterfaces" value="com.tgb.springaop.service.Sleepable"/> -->
  </bean> 
  
</beans>